job_id,job_title,company,category,location,employment_type,experience_level,salary_min,salary_max,skills,description,employer_name,company_email,company_phone,company_website,application_url
1,Mobile App Developer,Sunrise Enterprises,Information Technology,"Iloilo City, Philippines",Freelance,No Experience,15000,20000,"Flutter, Dart, Firebase","Develop, maintain, and improve technology solutions while working with the team on software and technical projects.",Sunrise Enterprises,hr@sunriseenterprises.example,+63 900 100 1000,https://www.sunriseenterprises.example,https://www.sunriseenterprises.example/apply/1
2,Tutor,Sunrise Enterprises,Education,Remote,Part-time,Mid Level,51000,56000,"Teaching, Communication, Subject Knowledge","Support student learning through lessons, activities, assessment, and effective communication.",Sunrise Enterprises,hr@sunriseenterprises.example,+63 900 101 1001,https://www.sunriseenterprises.example,https://www.sunriseenterprises.example/apply/2
3,Retail Sales Associate,GreenField Industries,Sales,"Tagum City, Philippines",Freelance,Experienced,28000,33000,"Customer Service, Sales, Product Knowledge","Assist customers, promote products or services, meet sales objectives, and maintain strong client relationships.",GreenField Industries,hr@greenfieldindustries.example,+63 900 102 1002,https://www.greenfieldindustries.example,https://www.greenfieldindustries.example/apply/3
4,Cybersecurity Analyst,Golden Bridge Corp.,Information Technology,"Cebu City, Philippines",Contract,Junior,19000,29000,"Linux, Networking, SIEM","Develop, maintain, and improve technology solutions while working with the team on software and technical projects.",Golden Bridge Corp.,hr@goldenbridgecorp.example,+63 900 103 1003,https://www.goldenbridgecorp.example,https://www.goldenbridgecorp.example/apply/4
5,Warehouse Worker,GreenField Industries,Logistics,"Davao City, Philippines",Freelance,No Experience,29000,37000,"Inventory, Packing, Warehouse Operations","Handle inventory, shipments, and warehouse operations while maintaining organized logistics processes.",GreenField Industries,hr@greenfieldindustries.example,+63 900 104 1004,https://www.greenfieldindustries.example,https://www.greenfieldindustries.example/apply/5
6,Bookkeeper,NorthPoint Company,Accounting & Finance,"Cebu City, Philippines",Contract,Experienced,51000,59000,"Bookkeeping, QuickBooks, Excel","Handle financial records, prepare reports, and support accurate and organized accounting operations.",NorthPoint Company,hr@northpointcompany.example,+63 900 105 1005,https://www.northpointcompany.example,https://www.northpointcompany.example/apply/6
7,Administrative Assistant,Sunrise Enterprises,Administration,"Surigao City, Philippines",Part-time,Experienced,46000,51000,"Microsoft Office, Organization, Communication","Provide administrative support, organize documents, coordinate schedules, and assist with daily office operations.",Sunrise Enterprises,hr@sunriseenterprises.example,+63 900 106 1006,https://www.sunriseenterprises.example,https://www.sunriseenterprises.example/apply/7
8,Sales Manager,BlueSky Holdings,Sales,"Surigao City, Philippines",Freelance,No Experience,19000,29000,"Leadership, Sales, CRM","Assist customers, promote products or services, meet sales objectives, and maintain strong client relationships.",BlueSky Holdings,hr@blueskyholdings.example,+63 900 107 1007,https://www.blueskyholdings.example,https://www.blueskyholdings.example/apply/8
9,Real Estate Agent,Community First,Sales,"Butuan City, Philippines",Part-time,No Experience,27000,32000,"Real Estate, Negotiation, Communication","Assist customers, promote products or services, meet sales objectives, and maintain strong client relationships.",Community First,hr@communityfirst.example,+63 900 108 1008,https://www.communityfirst.example,https://www.communityfirst.example/apply/9
10,Caregiver,GlobalWorks Inc.,Healthcare,"General Santos, Philippines",Full-time,Experienced,20000,28000,"Elderly Care, First Aid, Communication","Provide professional healthcare support, assist patients, and maintain accurate records while following safety procedures.",GlobalWorks Inc.,hr@globalworksinc.example,+63 900 109 1009,https://www.globalworksinc.example,https://www.globalworksinc.example/apply/10
11,Dispatcher,Golden Bridge Corp.,Transportation,"General Santos, Philippines",Part-time,Junior,46000,61000,"Dispatching, Communication, Logistics","Support transportation and delivery operations while maintaining safety, schedules, and accurate records.",Golden Bridge Corp.,hr@goldenbridgecorp.example,+63 900 110 1010,https://www.goldenbridgecorp.example,https://www.goldenbridgecorp.example/apply/11
12,High School Teacher,Prime Services,Education,"Iloilo City, Philippines",Part-time,Junior,38000,48000,"Teaching, Classroom Management, Communication","Support student learning through lessons, activities, assessment, and effective communication.",Prime Services,hr@primeservices.example,+63 900 111 1011,https://www.primeservices.example,https://www.primeservices.example/apply/12
13,Sales Representative,Citywide Solutions,Sales,"Iloilo City, Philippines",Freelance,No Experience,28000,36000,"Sales, Communication, Customer Service","Assist customers, promote products or services, meet sales objectives, and maintain strong client relationships.",Citywide Solutions,hr@citywidesolutions.example,+63 900 112 1012,https://www.citywidesolutions.example,https://www.citywidesolutions.example/apply/13
14,Logistics Coordinator,GlobalWorks Inc.,Transportation,"Surigao City, Philippines",Full-time,Experienced,48000,56000,"Logistics, Inventory, Organization","Support transportation and delivery operations while maintaining safety, schedules, and accurate records.",GlobalWorks Inc.,hr@globalworksinc.example,+63 900 113 1013,https://www.globalworksinc.example,https://www.globalworksinc.example/apply/14
15,Retail Sales Associate,BlueSky Holdings,Sales,"Cagayan de Oro, Philippines",Full-time,No Experience,53000,58000,"Customer Service, Sales, Product Knowledge","Assist customers, promote products or services, meet sales objectives, and maintain strong client relationships.",BlueSky Holdings,hr@blueskyholdings.example,+63 900 114 1014,https://www.blueskyholdings.example,https://www.blueskyholdings.example/apply/15
16,Farm Worker,Prime Services,Agriculture,"Cebu City, Philippines",Full-time,Junior,16000,24000,"Farming, Harvesting, Equipment","Assist with agricultural operations, equipment, production activities, and routine farm tasks.",Prime Services,hr@primeservices.example,+63 900 115 1015,https://www.primeservices.example,https://www.primeservices.example/apply/16
17,Office Clerk,Pacific Horizon Corp.,Administration,Remote,Freelance,Entry Level,47000,55000,"Data Entry, Organization, Microsoft Office","Provide administrative support, organize documents, coordinate schedules, and assist with daily office operations.",Pacific Horizon Corp.,hr@pacifichorizoncorp.example,+63 900 116 1016,https://www.pacifichorizoncorp.example,https://www.pacifichorizoncorp.example/apply/17
18,Farm Supervisor,Evergreen Services,Agriculture,"Baguio City, Philippines",Freelance,Entry Level,42000,57000,"Agriculture, Leadership, Farm Management","Assist with agricultural operations, equipment, production activities, and routine farm tasks.",Evergreen Services,hr@evergreenservices.example,+63 900 117 1017,https://www.evergreenservices.example,https://www.evergreenservices.example/apply/18
19,Digital Marketing Specialist,Prime Services,Marketing,"Cebu City, Philippines",Full-time,Mid Level,35000,50000,"SEO, Social Media, Google Analytics","Support marketing campaigns, create content, analyze audiences, and help improve brand visibility.",Prime Services,hr@primeservices.example,+63 900 118 1018,https://www.primeservices.example,https://www.primeservices.example/apply/19
20,Payroll Specialist,GreenField Industries,Accounting & Finance,"General Santos, Philippines",Full-time,No Experience,15000,30000,"Payroll, Excel, Accounting","Handle financial records, prepare reports, and support accurate and organized accounting operations.",GreenField Industries,hr@greenfieldindustries.example,+63 900 119 1019,https://www.greenfieldindustries.example,https://www.greenfieldindustries.example/apply/20
21,Data Analyst,Evergreen Services,Information Technology,"Surigao City, Philippines",Full-time,Entry Level,24000,32000,"SQL, Excel, Power BI","Develop, maintain, and improve technology solutions while working with the team on software and technical projects.",Evergreen Services,hr@evergreenservices.example,+63 900 120 1020,https://www.evergreenservices.example,https://www.evergreenservices.example/apply/21
22,Frontend Developer,NorthPoint Company,Information Technology,"General Santos, Philippines",Part-time,Mid Level,24000,34000,"React, JavaScript, CSS","Develop, maintain, and improve technology solutions while working with the team on software and technical projects.",NorthPoint Company,hr@northpointcompany.example,+63 900 121 1021,https://www.northpointcompany.example,https://www.northpointcompany.example/apply/22
23,HR Assistant,Citywide Solutions,Human Resources,"Cagayan de Oro, Philippines",Full-time,Mid Level,48000,53000,"Recruitment, Communication, Microsoft Office","Support employee-related activities including recruitment, training, records, and workplace communication.",Citywide Solutions,hr@citywidesolutions.example,+63 900 122 1022,https://www.citywidesolutions.example,https://www.citywidesolutions.example/apply/23
24,Registered Nurse,BrightStar Solutions,Healthcare,Remote,Full-time,No Experience,27000,35000,"Patient Care, Nursing, Communication","Provide professional healthcare support, assist patients, and maintain accurate records while following safety procedures.",BrightStar Solutions,hr@brightstarsolutions.example,+63 900 123 1023,https://www.brightstarsolutions.example,https://www.brightstarsolutions.example/apply/24
25,Chef,GreenField Industries,Hospitality,"General Santos, Philippines",Freelance,Entry Level,38000,43000,"Cooking, Food Safety, Kitchen Management",Provide friendly customer service and help maintain efficient daily hospitality operations.,GreenField Industries,hr@greenfieldindustries.example,+63 900 124 1024,https://www.greenfieldindustries.example,https://www.greenfieldindustries.example/apply/25
26,Accountant,Sunrise Enterprises,Accounting & Finance,"Tagum City, Philippines",Full-time,Mid Level,29000,44000,"Accounting, Excel, Bookkeeping","Handle financial records, prepare reports, and support accurate and organized accounting operations.",Sunrise Enterprises,hr@sunriseenterprises.example,+63 900 125 1025,https://www.sunriseenterprises.example,https://www.sunriseenterprises.example/apply/26
27,Database Administrator,Pacific Horizon Corp.,Information Technology,"Tagum City, Philippines",Freelance,Entry Level,24000,34000,"SQL, MySQL, Database Management","Develop, maintain, and improve technology solutions while working with the team on software and technical projects.",Pacific Horizon Corp.,hr@pacifichorizoncorp.example,+63 900 126 1026,https://www.pacifichorizoncorp.example,https://www.pacifichorizoncorp.example/apply/27
28,Web Developer,Prime Services,Information Technology,"Manila, Philippines",Full-time,Junior,15000,20000,"HTML, CSS, JavaScript","Develop, maintain, and improve technology solutions while working with the team on software and technical projects.",Prime Services,hr@primeservices.example,+63 900 127 1027,https://www.primeservices.example,https://www.primeservices.example/apply/28
29,Financial Analyst,BlueSky Holdings,Accounting & Finance,"General Santos, Philippines",Part-time,No Experience,45000,50000,"Financial Analysis, Excel, Reporting","Handle financial records, prepare reports, and support accurate and organized accounting operations.",BlueSky Holdings,hr@blueskyholdings.example,+63 900 128 1028,https://www.blueskyholdings.example,https://www.blueskyholdings.example/apply/29
30,Mobile App Developer,Central Retail Group,Information Technology,"Davao City, Philippines",Full-time,Experienced,16000,24000,"Flutter, Dart, Firebase","Develop, maintain, and improve technology solutions while working with the team on software and technical projects.",Central Retail Group,hr@centralretailgroup.example,+63 900 129 1029,https://www.centralretailgroup.example,https://www.centralretailgroup.example/apply/30
31,Digital Marketing Specialist,GreenField Industries,Marketing,"Cebu City, Philippines",Part-time,Experienced,50000,55000,"SEO, Social Media, Google Analytics","Support marketing campaigns, create content, analyze audiences, and help improve brand visibility.",GreenField Industries,hr@greenfieldindustries.example,+63 900 130 1030,https://www.greenfieldindustries.example,https://www.greenfieldindustries.example/apply/31
32,Account Executive,BlueSky Holdings,Sales,"Cebu City, Philippines",Freelance,Experienced,49000,59000,"Sales, Negotiation, CRM","Assist customers, promote products or services, meet sales objectives, and maintain strong client relationships.",BlueSky Holdings,hr@blueskyholdings.example,+63 900 131 1031,https://www.blueskyholdings.example,https://www.blueskyholdings.example/apply/32
33,Copywriter,Community First,Writing & Media,"Butuan City, Philippines",Part-time,Junior,27000,37000,"Copywriting, Marketing, Writing","Research, write, edit, and prepare clear content for audiences across different media platforms.",Community First,hr@communityfirst.example,+63 900 132 1032,https://www.communityfirst.example,https://www.communityfirst.example/apply/33
34,Backend Developer,GreenField Industries,Information Technology,"Davao City, Philippines",Contract,Mid Level,32000,37000,"Python, FastAPI, PostgreSQL","Develop, maintain, and improve technology solutions while working with the team on software and technical projects.",GreenField Industries,hr@greenfieldindustries.example,+63 900 133 1033,https://www.greenfieldindustries.example,https://www.greenfieldindustries.example/apply/34
35,Marketing Assistant,BrightStar Solutions,Marketing,"General Santos, Philippines",Full-time,No Experience,47000,55000,"Marketing, Social Media, Communication","Support marketing campaigns, create content, analyze audiences, and help improve brand visibility.",BrightStar Solutions,hr@brightstarsolutions.example,+63 900 134 1034,https://www.brightstarsolutions.example,https://www.brightstarsolutions.example/apply/35
36,Journalist,NorthPoint Company,Writing & Media,"Butuan City, Philippines",Part-time,Junior,16000,24000,"Writing, Research, Interviewing","Research, write, edit, and prepare clear content for audiences across different media platforms.",NorthPoint Company,hr@northpointcompany.example,+63 900 135 1035,https://www.northpointcompany.example,https://www.northpointcompany.example/apply/36
37,Barista,Metro Business Group,Hospitality,"Butuan City, Philippines",Part-time,Mid Level,47000,57000,"Coffee Preparation, Customer Service, Cash Handling",Provide friendly customer service and help maintain efficient daily hospitality operations.,Metro Business Group,hr@metrobusinessgroup.example,+63 900 136 1036,https://www.metrobusinessgroup.example,https://www.metrobusinessgroup.example/apply/37
38,Frontend Developer,BlueSky Holdings,Information Technology,Remote,Full-time,Experienced,31000,36000,"React, JavaScript, CSS","Develop, maintain, and improve technology solutions while working with the team on software and technical projects.",BlueSky Holdings,hr@blueskyholdings.example,+63 900 137 1037,https://www.blueskyholdings.example,https://www.blueskyholdings.example/apply/38
39,Real Estate Agent,Community First,Sales,"Davao City, Philippines",Contract,No Experience,19000,27000,"Real Estate, Negotiation, Communication","Assist customers, promote products or services, meet sales objectives, and maintain strong client relationships.",Community First,hr@communityfirst.example,+63 900 138 1038,https://www.communityfirst.example,https://www.communityfirst.example/apply/39
40,Agricultural Technician,Pacific Horizon Corp.,Agriculture,"Butuan City, Philippines",Part-time,Junior,25000,35000,"Agriculture, Data Collection, Equipment","Assist with agricultural operations, equipment, production activities, and routine farm tasks.",Pacific Horizon Corp.,hr@pacifichorizoncorp.example,+63 900 139 1039,https://www.pacifichorizoncorp.example,https://www.pacifichorizoncorp.example/apply/40
41,Editor,NorthPoint Company,Writing & Media,"General Santos, Philippines",Contract,No Experience,18000,33000,"Editing, Proofreading, Writing","Research, write, edit, and prepare clear content for audiences across different media platforms.",NorthPoint Company,hr@northpointcompany.example,+63 900 140 1040,https://www.northpointcompany.example,https://www.northpointcompany.example/apply/41
42,Housekeeper,Central Retail Group,Hospitality,"Butuan City, Philippines",Full-time,No Experience,33000,41000,"Cleaning, Organization, Customer Service",Provide friendly customer service and help maintain efficient daily hospitality operations.,Central Retail Group,hr@centralretailgroup.example,+63 900 141 1041,https://www.centralretailgroup.example,https://www.centralretailgroup.example/apply/42
43,Carpenter,Golden Bridge Corp.,Construction,"Butuan City, Philippines",Part-time,Mid Level,48000,63000,"Carpentry, Measurement, Construction",Assist with construction projects while following workplace safety standards and project instructions.,Golden Bridge Corp.,hr@goldenbridgecorp.example,+63 900 142 1042,https://www.goldenbridgecorp.example,https://www.goldenbridgecorp.example/apply/43
44,Carpenter,NorthPoint Company,Construction,"Manila, Philippines",Full-time,No Experience,21000,26000,"Carpentry, Measurement, Construction",Assist with construction projects while following workplace safety standards and project instructions.,NorthPoint Company,hr@northpointcompany.example,+63 900 143 1043,https://www.northpointcompany.example,https://www.northpointcompany.example/apply/44
45,Dental Assistant,Central Retail Group,Healthcare,"Surigao City, Philippines",Part-time,Mid Level,20000,25000,"Dental Care, Patient Care, Sterilization","Provide professional healthcare support, assist patients, and maintain accurate records while following safety procedures.",Central Retail Group,hr@centralretailgroup.example,+63 900 144 1044,https://www.centralretailgroup.example,https://www.centralretailgroup.example/apply/45
46,Network Engineer,Pacific Horizon Corp.,Information Technology,"Surigao City, Philippines",Full-time,Junior,25000,33000,"Cisco, Networking, Linux","Develop, maintain, and improve technology solutions while working with the team on software and technical projects.",Pacific Horizon Corp.,hr@pacifichorizoncorp.example,+63 900 145 1045,https://www.pacifichorizoncorp.example,https://www.pacifichorizoncorp.example/apply/46
47,Photographer,Golden Bridge Corp.,Design & Creative,"Cebu City, Philippines",Contract,Experienced,38000,46000,"Photography, Lightroom, Composition",Create visual materials and creative assets based on project requirements and client needs.,Golden Bridge Corp.,hr@goldenbridgecorp.example,+63 900 146 1046,https://www.goldenbridgecorp.example,https://www.goldenbridgecorp.example/apply/47
48,Electrician,Community First,Skilled Trades,"Cagayan de Oro, Philippines",Part-time,Entry Level,39000,44000,"Electrical Wiring, Safety, Troubleshooting",Perform skilled maintenance and installation tasks while following technical specifications and safety procedures.,Community First,hr@communityfirst.example,+63 900 147 1047,https://www.communityfirst.example,https://www.communityfirst.example/apply/48
49,Sales Representative,Sunrise Enterprises,Sales,"Surigao City, Philippines",Freelance,Entry Level,29000,37000,"Sales, Communication, Customer Service","Assist customers, promote products or services, meet sales objectives, and maintain strong client relationships.",Sunrise Enterprises,hr@sunriseenterprises.example,+63 900 148 1048,https://www.sunriseenterprises.example,https://www.sunriseenterprises.example/apply/49
50,Tutor,FutureTech Labs,Education,"Cebu City, Philippines",Freelance,No Experience,42000,50000,"Teaching, Communication, Subject Knowledge","Support student learning through lessons, activities, assessment, and effective communication.",FutureTech Labs,hr@futuretechlabs.example,+63 900 149 1049,https://www.futuretechlabs.example,https://www.futuretechlabs.example/apply/50
51,Livestock Worker,Prime Services,Agriculture,"General Santos, Philippines",Contract,Junior,26000,34000,"Animal Care, Farming, Safety","Assist with agricultural operations, equipment, production activities, and routine farm tasks.",Prime Services,hr@primeservices.example,+63 900 150 1050,https://www.primeservices.example,https://www.primeservices.example/apply/51
52,Software Developer,BrightStar Solutions,Information Technology,Remote,Part-time,Mid Level,33000,43000,"Python, SQL, Git","Develop, maintain, and improve technology solutions while working with the team on software and technical projects.",BrightStar Solutions,hr@brightstarsolutions.example,+63 900 151 1051,https://www.brightstarsolutions.example,https://www.brightstarsolutions.example/apply/52
53,School Assistant,Central Retail Group,Education,"Cebu City, Philippines",Contract,Junior,54000,69000,"Administration, Communication, Organization","Support student learning through lessons, activities, assessment, and effective communication.",Central Retail Group,hr@centralretailgroup.example,+63 900 152 1052,https://www.centralretailgroup.example,https://www.centralretailgroup.example/apply/53
54,Content Creator,Golden Bridge Corp.,Marketing,"Iloilo City, Philippines",Contract,No Experience,19000,29000,"Content Creation, Social Media, Writing","Support marketing campaigns, create content, analyze audiences, and help improve brand visibility.",Golden Bridge Corp.,hr@goldenbridgecorp.example,+63 900 153 1053,https://www.goldenbridgecorp.example,https://www.goldenbridgecorp.example/apply/54
55,Construction Worker,Sunrise Enterprises,Construction,"Baguio City, Philippines",Contract,No Experience,19000,34000,"Construction, Safety, Manual Labor",Assist with construction projects while following workplace safety standards and project instructions.,Sunrise Enterprises,hr@sunriseenterprises.example,+63 900 154 1054,https://www.sunriseenterprises.example,https://www.sunriseenterprises.example/apply/55
56,Chef,Metro Business Group,Hospitality,"Surigao City, Philippines",Freelance,Experienced,45000,50000,"Cooking, Food Safety, Kitchen Management",Provide friendly customer service and help maintain efficient daily hospitality operations.,Metro Business Group,hr@metrobusinessgroup.example,+63 900 155 1055,https://www.metrobusinessgroup.example,https://www.metrobusinessgroup.example/apply/56
57,Agricultural Technician,GreenField Industries,Agriculture,"Baguio City, Philippines",Part-time,Junior,14000,29000,"Agriculture, Data Collection, Equipment","Assist with agricultural operations, equipment, production activities, and routine farm tasks.",GreenField Industries,hr@greenfieldindustries.example,+63 900 156 1056,https://www.greenfieldindustries.example,https://www.greenfieldindustries.example/apply/57
58,Recruitment Specialist,BrightStar Solutions,Human Resources,"Iloilo City, Philippines",Part-time,Junior,40000,45000,"Recruitment, Interviewing, HRIS","Support employee-related activities including recruitment, training, records, and workplace communication.",BrightStar Solutions,hr@brightstarsolutions.example,+63 900 157 1057,https://www.brightstarsolutions.example,https://www.brightstarsolutions.example/apply/58
59,Cybersecurity Analyst,Golden Bridge Corp.,Information Technology,"Surigao City, Philippines",Contract,No Experience,31000,41000,"Linux, Networking, SIEM","Develop, maintain, and improve technology solutions while working with the team on software and technical projects.",Golden Bridge Corp.,hr@goldenbridgecorp.example,+63 900 158 1058,https://www.goldenbridgecorp.example,https://www.goldenbridgecorp.example/apply/59
60,UI/UX Designer,Golden Bridge Corp.,Design & Creative,"Tagum City, Philippines",Contract,Mid Level,31000,39000,"Figma, UI Design, UX Research",Create visual materials and creative assets based on project requirements and client needs.,Golden Bridge Corp.,hr@goldenbridgecorp.example,+63 900 159 1059,https://www.goldenbridgecorp.example,https://www.goldenbridgecorp.example/apply/60
61,Dental Assistant,Prime Services,Healthcare,"Tagum City, Philippines",Freelance,Entry Level,52000,62000,"Dental Care, Patient Care, Sterilization","Provide professional healthcare support, assist patients, and maintain accurate records while following safety procedures.",Prime Services,hr@primeservices.example,+63 900 160 1060,https://www.primeservices.example,https://www.primeservices.example/apply/61
62,Elementary Teacher,GreenField Industries,Education,"Iloilo City, Philippines",Full-time,Junior,30000,38000,"Teaching, Lesson Planning, Communication","Support student learning through lessons, activities, assessment, and effective communication.",GreenField Industries,hr@greenfieldindustries.example,+63 900 161 1061,https://www.greenfieldindustries.example,https://www.greenfieldindustries.example/apply/62
63,Receptionist,GreenField Industries,Administration,"Baguio City, Philippines",Contract,Mid Level,40000,55000,"Customer Service, Communication, Scheduling","Provide administrative support, organize documents, coordinate schedules, and assist with daily office operations.",GreenField Industries,hr@greenfieldindustries.example,+63 900 162 1062,https://www.greenfieldindustries.example,https://www.greenfieldindustries.example/apply/63
64,Brand Coordinator,Golden Bridge Corp.,Marketing,"Cagayan de Oro, Philippines",Freelance,Entry Level,17000,27000,"Branding, Marketing, Communication","Support marketing campaigns, create content, analyze audiences, and help improve brand visibility.",Golden Bridge Corp.,hr@goldenbridgecorp.example,+63 900 163 1063,https://www.goldenbridgecorp.example,https://www.goldenbridgecorp.example/apply/64
65,Hotel Receptionist,NorthPoint Company,Hospitality,Remote,Contract,No Experience,27000,37000,"Customer Service, Communication, Reservations",Provide friendly customer service and help maintain efficient daily hospitality operations.,NorthPoint Company,hr@northpointcompany.example,+63 900 164 1064,https://www.northpointcompany.example,https://www.northpointcompany.example/apply/65
66,Dispatcher,Prime Services,Transportation,"Cagayan de Oro, Philippines",Part-time,No Experience,15000,23000,"Dispatching, Communication, Logistics","Support transportation and delivery operations while maintaining safety, schedules, and accurate records.",Prime Services,hr@primeservices.example,+63 900 165 1065,https://www.primeservices.example,https://www.primeservices.example/apply/66
67,Network Engineer,Citywide Solutions,Information Technology,"Baguio City, Philippines",Full-time,Mid Level,39000,47000,"Cisco, Networking, Linux","Develop, maintain, and improve technology solutions while working with the team on software and technical projects.",Citywide Solutions,hr@citywidesolutions.example,+63 900 166 1066,https://www.citywidesolutions.example,https://www.citywidesolutions.example/apply/67
68,College Instructor,Evergreen Services,Education,"Tagum City, Philippines",Freelance,Mid Level,27000,35000,"Teaching, Research, Presentation","Support student learning through lessons, activities, assessment, and effective communication.",Evergreen Services,hr@evergreenservices.example,+63 900 167 1067,https://www.evergreenservices.example,https://www.evergreenservices.example/apply/68
69,Truck Driver,Golden Bridge Corp.,Transportation,"Manila, Philippines",Full-time,Mid Level,26000,34000,"Driving, Vehicle Safety, Logistics","Support transportation and delivery operations while maintaining safety, schedules, and accurate records.",Golden Bridge Corp.,hr@goldenbridgecorp.example,+63 900 168 1068,https://www.goldenbridgecorp.example,https://www.goldenbridgecorp.example/apply/69
70,Hotel Receptionist,FutureTech Labs,Hospitality,"Iloilo City, Philippines",Freelance,No Experience,48000,56000,"Customer Service, Communication, Reservations",Provide friendly customer service and help maintain efficient daily hospitality operations.,FutureTech Labs,hr@futuretechlabs.example,+63 900 169 1069,https://www.futuretechlabs.example,https://www.futuretechlabs.example/apply/70
71,Registered Nurse,Community First,Healthcare,"Cebu City, Philippines",Freelance,Entry Level,42000,52000,"Patient Care, Nursing, Communication","Provide professional healthcare support, assist patients, and maintain accurate records while following safety procedures.",Community First,hr@communityfirst.example,+63 900 170 1070,https://www.communityfirst.example,https://www.communityfirst.example/apply/71
72,Medical Assistant,FutureTech Labs,Healthcare,"General Santos, Philippines",Freelance,Experienced,41000,49000,"Patient Care, Medical Records, Communication","Provide professional healthcare support, assist patients, and maintain accurate records while following safety procedures.",FutureTech Labs,hr@futuretechlabs.example,+63 900 171 1071,https://www.futuretechlabs.example,https://www.futuretechlabs.example/apply/72
73,Accountant,Evergreen Services,Accounting & Finance,"General Santos, Philippines",Freelance,Junior,28000,38000,"Accounting, Excel, Bookkeeping","Handle financial records, prepare reports, and support accurate and organized accounting operations.",Evergreen Services,hr@evergreenservices.example,+63 900 172 1072,https://www.evergreenservices.example,https://www.evergreenservices.example/apply/73
74,HR Manager,FutureTech Labs,Human Resources,"Iloilo City, Philippines",Freelance,Entry Level,29000,44000,"Leadership, Recruitment, Employee Relations","Support employee-related activities including recruitment, training, records, and workplace communication.",FutureTech Labs,hr@futuretechlabs.example,+63 900 173 1073,https://www.futuretechlabs.example,https://www.futuretechlabs.example/apply/74
75,Content Writer,GlobalWorks Inc.,Writing & Media,"Butuan City, Philippines",Part-time,Junior,34000,44000,"Writing, Research, Editing","Research, write, edit, and prepare clear content for audiences across different media platforms.",GlobalWorks Inc.,hr@globalworksinc.example,+63 900 174 1074,https://www.globalworksinc.example,https://www.globalworksinc.example/apply/75
76,IT Support Specialist,Community First,Information Technology,"Iloilo City, Philippines",Full-time,Entry Level,21000,29000,"Windows, Networking, Troubleshooting","Develop, maintain, and improve technology solutions while working with the team on software and technical projects.",Community First,hr@communityfirst.example,+63 900 175 1075,https://www.communityfirst.example,https://www.communityfirst.example/apply/76
77,Sales Manager,GreenField Industries,Sales,"Davao City, Philippines",Part-time,No Experience,39000,54000,"Leadership, Sales, CRM","Assist customers, promote products or services, meet sales objectives, and maintain strong client relationships.",GreenField Industries,hr@greenfieldindustries.example,+63 900 176 1076,https://www.greenfieldindustries.example,https://www.greenfieldindustries.example/apply/77
78,Restaurant Crew,Metro Business Group,Hospitality,"Iloilo City, Philippines",Freelance,Mid Level,16000,24000,"Customer Service, Food Service, Teamwork",Provide friendly customer service and help maintain efficient daily hospitality operations.,Metro Business Group,hr@metrobusinessgroup.example,+63 900 177 1077,https://www.metrobusinessgroup.example,https://www.metrobusinessgroup.example/apply/78
79,Welder,Central Retail Group,Skilled Trades,"Tagum City, Philippines",Freelance,Experienced,13000,28000,"Welding, Metal Fabrication, Safety",Perform skilled maintenance and installation tasks while following technical specifications and safety procedures.,Central Retail Group,hr@centralretailgroup.example,+63 900 178 1078,https://www.centralretailgroup.example,https://www.centralretailgroup.example/apply/79
80,Delivery Driver,Citywide Solutions,Transportation,"Manila, Philippines",Contract,Junior,37000,52000,"Driving, Navigation, Customer Service","Support transportation and delivery operations while maintaining safety, schedules, and accurate records.",Citywide Solutions,hr@citywidesolutions.example,+63 900 179 1079,https://www.citywidesolutions.example,https://www.citywidesolutions.example/apply/80
81,Caregiver,NorthPoint Company,Healthcare,"Iloilo City, Philippines",Part-time,Mid Level,26000,36000,"Elderly Care, First Aid, Communication","Provide professional healthcare support, assist patients, and maintain accurate records while following safety procedures.",NorthPoint Company,hr@northpointcompany.example,+63 900 180 1080,https://www.northpointcompany.example,https://www.northpointcompany.example/apply/81
82,Logistics Coordinator,GreenField Industries,Transportation,"General Santos, Philippines",Full-time,Mid Level,34000,49000,"Logistics, Inventory, Organization","Support transportation and delivery operations while maintaining safety, schedules, and accurate records.",GreenField Industries,hr@greenfieldindustries.example,+63 900 181 1081,https://www.greenfieldindustries.example,https://www.greenfieldindustries.example/apply/82
83,Barista,Evergreen Services,Hospitality,"Davao City, Philippines",Freelance,Entry Level,52000,57000,"Coffee Preparation, Customer Service, Cash Handling",Provide friendly customer service and help maintain efficient daily hospitality operations.,Evergreen Services,hr@evergreenservices.example,+63 900 182 1082,https://www.evergreenservices.example,https://www.evergreenservices.example/apply/83
84,Warehouse Worker,Community First,Logistics,"Tagum City, Philippines",Full-time,No Experience,54000,69000,"Inventory, Packing, Warehouse Operations","Handle inventory, shipments, and warehouse operations while maintaining organized logistics processes.",Community First,hr@communityfirst.example,+63 900 183 1083,https://www.communityfirst.example,https://www.communityfirst.example/apply/84
85,Payroll Specialist,Sunrise Enterprises,Accounting & Finance,"General Santos, Philippines",Part-time,No Experience,29000,44000,"Payroll, Excel, Accounting","Handle financial records, prepare reports, and support accurate and organized accounting operations.",Sunrise Enterprises,hr@sunriseenterprises.example,+63 900 184 1084,https://www.sunriseenterprises.example,https://www.sunriseenterprises.example/apply/85
86,Housekeeper,Metro Business Group,Hospitality,"Cagayan de Oro, Philippines",Freelance,Junior,34000,49000,"Cleaning, Organization, Customer Service",Provide friendly customer service and help maintain efficient daily hospitality operations.,Metro Business Group,hr@metrobusinessgroup.example,+63 900 185 1085,https://www.metrobusinessgroup.example,https://www.metrobusinessgroup.example/apply/86
87,Auditor,Pacific Horizon Corp.,Accounting & Finance,"Tagum City, Philippines",Contract,No Experience,42000,47000,"Auditing, Accounting, Financial Reporting","Handle financial records, prepare reports, and support accurate and organized accounting operations.",Pacific Horizon Corp.,hr@pacifichorizoncorp.example,+63 900 186 1086,https://www.pacifichorizoncorp.example,https://www.pacifichorizoncorp.example/apply/87
88,School Assistant,Evergreen Services,Education,"Iloilo City, Philippines",Full-time,Junior,26000,31000,"Administration, Communication, Organization","Support student learning through lessons, activities, assessment, and effective communication.",Evergreen Services,hr@evergreenservices.example,+63 900 187 1087,https://www.evergreenservices.example,https://www.evergreenservices.example/apply/88
89,Plumber,FutureTech Labs,Skilled Trades,Remote,Full-time,No Experience,28000,36000,"Plumbing, Pipe Installation, Maintenance",Perform skilled maintenance and installation tasks while following technical specifications and safety procedures.,FutureTech Labs,hr@futuretechlabs.example,+63 900 188 1088,https://www.futuretechlabs.example,https://www.futuretechlabs.example/apply/89
90,Electrician,Central Retail Group,Skilled Trades,"Manila, Philippines",Part-time,Entry Level,20000,35000,"Electrical Wiring, Safety, Troubleshooting",Perform skilled maintenance and installation tasks while following technical specifications and safety procedures.,Central Retail Group,hr@centralretailgroup.example,+63 900 189 1089,https://www.centralretailgroup.example,https://www.centralretailgroup.example/apply/90
91,Market Researcher,Golden Bridge Corp.,Marketing,"Cebu City, Philippines",Part-time,Mid Level,28000,38000,"Research, Data Analysis, Survey Design","Support marketing campaigns, create content, analyze audiences, and help improve brand visibility.",Golden Bridge Corp.,hr@goldenbridgecorp.example,+63 900 190 1090,https://www.goldenbridgecorp.example,https://www.goldenbridgecorp.example/apply/91
92,Elementary Teacher,Sunrise Enterprises,Education,"Baguio City, Philippines",Full-time,Entry Level,32000,37000,"Teaching, Lesson Planning, Communication","Support student learning through lessons, activities, assessment, and effective communication.",Sunrise Enterprises,hr@sunriseenterprises.example,+63 900 191 1091,https://www.sunriseenterprises.example,https://www.sunriseenterprises.example/apply/92
93,Software Developer,BlueSky Holdings,Information Technology,"Manila, Philippines",Contract,Experienced,36000,51000,"Python, SQL, Git","Develop, maintain, and improve technology solutions while working with the team on software and technical projects.",BlueSky Holdings,hr@blueskyholdings.example,+63 900 192 1092,https://www.blueskyholdings.example,https://www.blueskyholdings.example/apply/93
94,Graphic Designer,Evergreen Services,Design & Creative,"Cagayan de Oro, Philippines",Full-time,Experienced,53000,61000,"Photoshop, Illustrator, Graphic Design",Create visual materials and creative assets based on project requirements and client needs.,Evergreen Services,hr@evergreenservices.example,+63 900 193 1093,https://www.evergreenservices.example,https://www.evergreenservices.example/apply/94
95,Plumber,GlobalWorks Inc.,Skilled Trades,"Butuan City, Philippines",Full-time,Experienced,14000,24000,"Plumbing, Pipe Installation, Maintenance",Perform skilled maintenance and installation tasks while following technical specifications and safety procedures.,GlobalWorks Inc.,hr@globalworksinc.example,+63 900 194 1094,https://www.globalworksinc.example,https://www.globalworksinc.example/apply/95
96,Video Editor,NorthPoint Company,Design & Creative,"Tagum City, Philippines",Contract,No Experience,45000,55000,"Premiere Pro, Video Editing, Storytelling",Create visual materials and creative assets based on project requirements and client needs.,NorthPoint Company,hr@northpointcompany.example,+63 900 195 1095,https://www.northpointcompany.example,https://www.northpointcompany.example/apply/96
97,Livestock Worker,BrightStar Solutions,Agriculture,"Tagum City, Philippines",Freelance,No Experience,40000,50000,"Animal Care, Farming, Safety","Assist with agricultural operations, equipment, production activities, and routine farm tasks.",BrightStar Solutions,hr@brightstarsolutions.example,+63 900 196 1096,https://www.brightstarsolutions.example,https://www.brightstarsolutions.example/apply/97
98,Farm Supervisor,Golden Bridge Corp.,Agriculture,"General Santos, Philippines",Part-time,Mid Level,23000,33000,"Agriculture, Leadership, Farm Management","Assist with agricultural operations, equipment, production activities, and routine farm tasks.",Golden Bridge Corp.,hr@goldenbridgecorp.example,+63 900 197 1097,https://www.goldenbridgecorp.example,https://www.goldenbridgecorp.example/apply/98
99,Delivery Driver,BlueSky Holdings,Transportation,"Iloilo City, Philippines",Freelance,Mid Level,40000,50000,"Driving, Navigation, Customer Service","Support transportation and delivery operations while maintaining safety, schedules, and accurate records.",BlueSky Holdings,hr@blueskyholdings.example,+63 900 198 1098,https://www.blueskyholdings.example,https://www.blueskyholdings.example/apply/99
100,Auditor,Metro Business Group,Accounting & Finance,"Cagayan de Oro, Philippines",Full-time,Junior,41000,49000,"Auditing, Accounting, Financial Reporting","Handle financial records, prepare reports, and support accurate and organized accounting operations.",Metro Business Group,hr@metrobusinessgroup.example,+63 900 199 1099,https://www.metrobusinessgroup.example,https://www.metrobusinessgroup.example/apply/100
101,Pharmacist,FutureTech Labs,Healthcare,"General Santos, Philippines",Freelance,Junior,13000,28000,"Pharmacy, Medication, Patient Counseling","Provide professional healthcare support, assist patients, and maintain accurate records while following safety procedures.",FutureTech Labs,hr@futuretechlabs.example,+63 900 200 1100,https://www.futuretechlabs.example,https://www.futuretechlabs.example/apply/101
102,High School Teacher,Central Retail Group,Education,"Surigao City, Philippines",Part-time,Mid Level,25000,35000,"Teaching, Classroom Management, Communication","Support student learning through lessons, activities, assessment, and effective communication.",Central Retail Group,hr@centralretailgroup.example,+63 900 201 1101,https://www.centralretailgroup.example,https://www.centralretailgroup.example/apply/102
103,Marketing Assistant,FutureTech Labs,Marketing,"Butuan City, Philippines",Contract,Junior,51000,61000,"Marketing, Social Media, Communication","Support marketing campaigns, create content, analyze audiences, and help improve brand visibility.",FutureTech Labs,hr@futuretechlabs.example,+63 900 202 1102,https://www.futuretechlabs.example,https://www.futuretechlabs.example/apply/103
104,Web Developer,NorthPoint Company,Information Technology,"Manila, Philippines",Part-time,No Experience,27000,42000,"HTML, CSS, JavaScript","Develop, maintain, and improve technology solutions while working with the team on software and technical projects.",NorthPoint Company,hr@northpointcompany.example,+63 900 203 1103,https://www.northpointcompany.example,https://www.northpointcompany.example/apply/104
105,Construction Worker,Citywide Solutions,Construction,"Iloilo City, Philippines",Part-time,Mid Level,54000,69000,"Construction, Safety, Manual Labor",Assist with construction projects while following workplace safety standards and project instructions.,Citywide Solutions,hr@citywidesolutions.example,+63 900 204 1104,https://www.citywidesolutions.example,https://www.citywidesolutions.example/apply/105
106,Database Administrator,Citywide Solutions,Information Technology,"Manila, Philippines",Full-time,Junior,26000,41000,"SQL, MySQL, Database Management","Develop, maintain, and improve technology solutions while working with the team on software and technical projects.",Citywide Solutions,hr@citywidesolutions.example,+63 900 205 1105,https://www.citywidesolutions.example,https://www.citywidesolutions.example/apply/106
107,Executive Assistant,Evergreen Services,Administration,"Cagayan de Oro, Philippines",Contract,Experienced,36000,51000,"Scheduling, Communication, Organization","Provide administrative support, organize documents, coordinate schedules, and assist with daily office operations.",Evergreen Services,hr@evergreenservices.example,+63 900 206 1106,https://www.evergreenservices.example,https://www.evergreenservices.example/apply/107
108,Market Researcher,NorthPoint Company,Marketing,"Iloilo City, Philippines",Contract,Mid Level,48000,58000,"Research, Data Analysis, Survey Design","Support marketing campaigns, create content, analyze audiences, and help improve brand visibility.",NorthPoint Company,hr@northpointcompany.example,+63 900 207 1107,https://www.northpointcompany.example,https://www.northpointcompany.example/apply/108
109,Content Creator,Metro Business Group,Marketing,"General Santos, Philippines",Contract,Junior,28000,36000,"Content Creation, Social Media, Writing","Support marketing campaigns, create content, analyze audiences, and help improve brand visibility.",Metro Business Group,hr@metrobusinessgroup.example,+63 900 208 1108,https://www.metrobusinessgroup.example,https://www.metrobusinessgroup.example/apply/109
110,Truck Driver,GlobalWorks Inc.,Transportation,"Cagayan de Oro, Philippines",Contract,No Experience,47000,55000,"Driving, Vehicle Safety, Logistics","Support transportation and delivery operations while maintaining safety, schedules, and accurate records.",GlobalWorks Inc.,hr@globalworksinc.example,+63 900 209 1109,https://www.globalworksinc.example,https://www.globalworksinc.example/apply/110
111,Photographer,Prime Services,Design & Creative,"Cagayan de Oro, Philippines",Freelance,Junior,50000,60000,"Photography, Lightroom, Composition",Create visual materials and creative assets based on project requirements and client needs.,Prime Services,hr@primeservices.example,+63 900 210 1110,https://www.primeservices.example,https://www.primeservices.example/apply/111
112,Data Analyst,GlobalWorks Inc.,Information Technology,"Cagayan de Oro, Philippines",Contract,Entry Level,35000,43000,"SQL, Excel, Power BI","Develop, maintain, and improve technology solutions while working with the team on software and technical projects.",GlobalWorks Inc.,hr@globalworksinc.example,+63 900 211 1111,https://www.globalworksinc.example,https://www.globalworksinc.example/apply/112
113,Graphic Designer,Pacific Horizon Corp.,Design & Creative,"Manila, Philippines",Part-time,Junior,14000,19000,"Photoshop, Illustrator, Graphic Design",Create visual materials and creative assets based on project requirements and client needs.,Pacific Horizon Corp.,hr@pacifichorizoncorp.example,+63 900 212 1112,https://www.pacifichorizoncorp.example,https://www.pacifichorizoncorp.example/apply/113
114,IT Support Specialist,NorthPoint Company,Information Technology,"Butuan City, Philippines",Part-time,Mid Level,18000,23000,"Windows, Networking, Troubleshooting","Develop, maintain, and improve technology solutions while working with the team on software and technical projects.",NorthPoint Company,hr@northpointcompany.example,+63 900 213 1113,https://www.northpointcompany.example,https://www.northpointcompany.example/apply/114
115,Medical Assistant,BlueSky Holdings,Healthcare,"Butuan City, Philippines",Freelance,Mid Level,40000,50000,"Patient Care, Medical Records, Communication","Provide professional healthcare support, assist patients, and maintain accurate records while following safety procedures.",BlueSky Holdings,hr@blueskyholdings.example,+63 900 214 1114,https://www.blueskyholdings.example,https://www.blueskyholdings.example/apply/115
116,Training Coordinator,Sunrise Enterprises,Human Resources,"Manila, Philippines",Contract,Mid Level,19000,24000,"Training, Communication, Organization","Support employee-related activities including recruitment, training, records, and workplace communication.",Sunrise Enterprises,hr@sunriseenterprises.example,+63 900 215 1115,https://www.sunriseenterprises.example,https://www.sunriseenterprises.example/apply/116
117,Welder,GreenField Industries,Skilled Trades,"General Santos, Philippines",Full-time,Experienced,53000,58000,"Welding, Metal Fabrication, Safety",Perform skilled maintenance and installation tasks while following technical specifications and safety procedures.,GreenField Industries,hr@greenfieldindustries.example,+63 900 216 1116,https://www.greenfieldindustries.example,https://www.greenfieldindustries.example/apply/117
118,Farm Worker,Sunrise Enterprises,Agriculture,"Davao City, Philippines",Contract,No Experience,28000,33000,"Farming, Harvesting, Equipment","Assist with agricultural operations, equipment, production activities, and routine farm tasks.",Sunrise Enterprises,hr@sunriseenterprises.example,+63 900 217 1117,https://www.sunriseenterprises.example,https://www.sunriseenterprises.example/apply/118
119,Bookkeeper,NorthPoint Company,Accounting & Finance,"Tagum City, Philippines",Part-time,Experienced,36000,51000,"Bookkeeping, QuickBooks, Excel","Handle financial records, prepare reports, and support accurate and organized accounting operations.",NorthPoint Company,hr@northpointcompany.example,+63 900 218 1118,https://www.northpointcompany.example,https://www.northpointcompany.example/apply/119
120,Pharmacist,Community First,Healthcare,"General Santos, Philippines",Contract,Experienced,40000,50000,"Pharmacy, Medication, Patient Counseling","Provide professional healthcare support, assist patients, and maintain accurate records while following safety procedures.",Community First,hr@communityfirst.example,+63 900 219 1119,https://www.communityfirst.example,https://www.communityfirst.example/apply/120
121,UI/UX Designer,BlueSky Holdings,Design & Creative,"Baguio City, Philippines",Full-time,Experienced,18000,26000,"Figma, UI Design, UX Research",Create visual materials and creative assets based on project requirements and client needs.,BlueSky Holdings,hr@blueskyholdings.example,+63 900 220 1120,https://www.blueskyholdings.example,https://www.blueskyholdings.example/apply/121
122,Financial Analyst,Golden Bridge Corp.,Accounting & Finance,"Cagayan de Oro, Philippines",Contract,No Experience,22000,30000,"Financial Analysis, Excel, Reporting","Handle financial records, prepare reports, and support accurate and organized accounting operations.",Golden Bridge Corp.,hr@goldenbridgecorp.example,+63 900 221 1121,https://www.goldenbridgecorp.example,https://www.goldenbridgecorp.example/apply/122
123,Video Editor,Sunrise Enterprises,Design & Creative,"Iloilo City, Philippines",Full-time,Entry Level,12000,27000,"Premiere Pro, Video Editing, Storytelling",Create visual materials and creative assets based on project requirements and client needs.,Sunrise Enterprises,hr@sunriseenterprises.example,+63 900 222 1122,https://www.sunriseenterprises.example,https://www.sunriseenterprises.example/apply/123
124,Account Executive,Citywide Solutions,Sales,"Baguio City, Philippines",Freelance,Junior,14000,22000,"Sales, Negotiation, CRM","Assist customers, promote products or services, meet sales objectives, and maintain strong client relationships.",Citywide Solutions,hr@citywidesolutions.example,+63 900 223 1123,https://www.citywidesolutions.example,https://www.citywidesolutions.example/apply/124
125,Restaurant Crew,Pacific Horizon Corp.,Hospitality,"Butuan City, Philippines",Freelance,No Experience,27000,37000,"Customer Service, Food Service, Teamwork",Provide friendly customer service and help maintain efficient daily hospitality operations.,Pacific Horizon Corp.,hr@pacifichorizoncorp.example,+63 900 224 1124,https://www.pacifichorizoncorp.example,https://www.pacifichorizoncorp.example/apply/125
126,College Instructor,FutureTech Labs,Education,Remote,Part-time,Mid Level,19000,27000,"Teaching, Research, Presentation","Support student learning through lessons, activities, assessment, and effective communication.",FutureTech Labs,hr@futuretechlabs.example,+63 900 225 1125,https://www.futuretechlabs.example,https://www.futuretechlabs.example/apply/126
127,Backend Developer,Golden Bridge Corp.,Information Technology,"Davao City, Philippines",Contract,Entry Level,16000,21000,"Python, FastAPI, PostgreSQL","Develop, maintain, and improve technology solutions while working with the team on software and technical projects.",Golden Bridge Corp.,hr@goldenbridgecorp.example,+63 900 226 1126,https://www.goldenbridgecorp.example,https://www.goldenbridgecorp.example/apply/127
128,Brand Coordinator,Sunrise Enterprises,Marketing,"Butuan City, Philippines",Contract,Mid Level,20000,35000,"Branding, Marketing, Communication","Support marketing campaigns, create content, analyze audiences, and help improve brand visibility.",Sunrise Enterprises,hr@sunriseenterprises.example,+63 900 227 1127,https://www.sunriseenterprises.example,https://www.sunriseenterprises.example/apply/128
